{
"lengthUnit": "mil",
"remark": [],
"components": {
	"fields": ["COMPONENT_NO", "COMPONENT_NAME", "LAYER", "X_COORDINATE", "Y_COORDINATE", "ANGLE"],
	"rows": [
		[1, "_USB_DN", "T", 1030.4392, -1612.9072, 180],
		[2, "_USB_DP", "T", 941.8352, -1612.9072, 180],
		[3, "+5V", "T", 1138.2093, -1632.2728, 180],
		[4, "+5V", "T", 1121.3581, 180.5123, 0],
		[5, "GND", "T", 732.5219, -1632.2728, 180],
		[6, "GND", "T", 741.3581, 175.5123, 0],
		[7, "H1", "T", 335.9055, -1477.874, 0],
		[8, "H2", "T", 1556.378, -572.3622, 0],
		[9, "PAD1", "T", 732.5219, -1632.2728, 0],
		[10, "PAD2", "T", 941.8352, -1612.9072, 0],
		[11, "PAD3", "T", 1030.4392, -1612.9072, 0],
		[12, "PAD4", "T", 1138.2093, -1632.2728, 0],
		[13, "PAD5", "T", 1121.3581, 180.5123, 0],
		[14, "PAD6", "T", 741.3581, 175.5123, 0]
	]
},
"pins": {
	"fields": ["PIN_NO", "PIN_NAME", "PIN_X", "PIN_Y", "LAYER", "PIN_TYPE", "NET_NAME", "NET_TYPE", "PAD_SHAPE", "PAD_SIZEX", "PAD_SIZEY", "HOLE_SIZE", "HOLE_LEN", "PAD_ANGLE"],
	"rows": [
		[1, "_USB_DN_1", 1030.4392, -1612.9072, "T", "SMD", "_USB_DN", "", "R", 39.3701, 275.5906, 0, 0, 180],
		[2, "_USB_DP_1", 941.8352, -1612.9072, "T", "SMD", "_USB_DP", "", "R", 39.3701, 275.5906, 0, 0, 180],
		[3, "+5V_1", 1138.2093, -1632.2728, "T", "SMD", "+5V", "", "R", 39.3701, 314.9606, 0, 0, 180],
		[4, "+5V_1", 1121.3581, 180.5123, "T", "SMD", "+5V", "", "R", 78.7402, 78.7402, 0, 0, 0],
		[5, "GND_1", 732.5219, -1632.2728, "T", "SMD", "GND", "GND", "R", 39.3701, 314.9606, 0, 0, 180],
		[6, "GND_1", 741.3581, 175.5123, "T", "SMD", "GND", "GND", "R", 78.7402, 78.7402, 0, 0, 0],
		[7, "H1_999", 335.9055, -1477.874, "T", "DIP", "NET_1", "", "C", 125.9843, 125.9843, 125.9843, 125.9843, 0],
		[8, "H1_999", 335.9055, -1477.874, "B", "DIP", "NET_1", "", "C", 125.9843, 125.9843, 125.9843, 125.9843, 0],
		[9, "H2_999", 1556.378, -572.3622, "T", "DIP", "NET_2", "", "C", 125.9843, 125.9843, 125.9843, 125.9843, 0],
		[10, "H2_999", 1556.378, -572.3622, "B", "DIP", "NET_2", "", "C", 125.9843, 125.9843, 125.9843, 125.9843, 0],
		[11, "PAD1_1", 732.5219, -1632.2728, "T", "SMD", "GND", "GND", "R", 39.3701, 314.9606, 0, 0, 180],
		[12, "PAD2_1", 941.8352, -1612.9072, "T", "SMD", "_USB_DP", "", "R", 39.3701, 275.5906, 0, 0, 180],
		[13, "PAD3_1", 1030.4392, -1612.9072, "T", "SMD", "_USB_DN", "", "R", 39.3701, 275.5906, 0, 0, 180],
		[14, "PAD4_1", 1138.2093, -1632.2728, "T", "SMD", "+5V", "", "R", 39.3701, 314.9606, 0, 0, 180],
		[15, "PAD5_1", 1121.3581, 180.5123, "T", "SMD", "+5V", "", "R", 78.7402, 78.7402, 0, 0, 0],
		[16, "PAD6_1", 741.3581, 175.5123, "T", "SMD", "GND", "GND", "R", 78.7402, 78.7402, 0, 0, 0]
	]
}
}